id,avläst,status,kandidater
h1-1,"Yashica ML 50 mm f/1,9",exakt,"Yashica ML 50mm f/1,9"
h1-2,"Carl Zeiss Sonnar T* 2,8/85",trolig - indexet saknar serienamn,"Carl Zeiss 85mm f/2,8"
h1-3,"Carl Zeiss Sonnar T* 3,5/100",exakt,"Carl Zeiss Sonnar 100mm f/3,5"
h1-4,Carl Zeiss Distagon T* 2/28,brännvidd finns men bländartalet skiljer,"Carl Zeiss Biogon 28mm f/2,8"
h2-1,"Yashica ML 35 mm f/2,8",exakt,"Yashica ML 35mm f/2,8"
h2-2,"Carl Zeiss Planar T* 1,4/50",exakt,"Carl Zeiss Planar 50mm f/1,4"
h2-3,"Carl Zeiss Tessar T* 2,8/45",exakt,"Carl Zeiss Tessar 45mm f/2,8"
h3-1,"Yashica ML Zoom 42-75 mm f/3,5-4,5",brännvidd finns men bländartalet skiljer,Yashica ML 42-75mm
h3-2,"Carl Zeiss Planar T* 1,4/50, guldutförande",exakt,"Carl Zeiss Planar 50mm f/1,4"
h3-3,"Carl Zeiss Planar T* 1,7/50",exakt,"Carl Zeiss Planar 50mm f/1,7"
h4-1,Yashica ML Macro 55 mm f/4,exakt,Yashica ML 55mm f/4 Macro
h4-2,"Yashica DSB 28 mm f/2,8",ingen träff i indexet,-
h4-3,"Carl Zeiss Planar T* 1,7/50",exakt,"Carl Zeiss Planar 50mm f/1,7"
h5-1,Yashica ML 50 mm f/2,exakt,Yashica ML 50mm f/2
h5-2,"Yashica ML 50 mm, bländartal ej läsbart",tvetydig - flera kandidater,"Yashica ML 50mm f/1,4 | Yashica ML 50mm f/1,7 | Yashica ML 50mm f/1,9 | Yashica ML 50mm f/2"
h5-3,"Canon Lens 40 mm f/2,8 (fast)",trolig - indexet saknar serienamn,"Canon 40mm f/2,8 från A35F"
h5-4,"Carl Zeiss Planar, brännvidd ej läsbar",tvetydig - brännvidd ej avläst,"Carl Zeiss Planar 35mm f/3,5 | Carl Zeiss Planar 50mm f/1,4 | Carl Zeiss Planar 50mm f/1,7 | Carl Zeiss Planar 80mm f/2,8 till Hasselblad | Carl Zeiss Planar 100mm f/2"
h5-5,"Carl Zeiss Sonnar 2,8/85",trolig - indexet saknar serienamn,"Carl Zeiss 85mm f/2,8"
